id,pref,name,muni,category,group
01001,北海道,礼文島,礼文町,離島振興法,礼文島
01002,北海道,利尻島,利尻町・利尻富士町,離島振興法,利尻島
01003,北海道,焼尻島,羽幌町,離島振興法,天売・焼尻
01004,北海道,天売島,羽幌町,離島振興法,天売・焼尻
01005,北海道,奥尻島,奥尻町,離島振興法,奥尻島
01006,北海道,小島,厚岸町,離島振興法,小島
04001,宮城県,江島,女川町,離島振興法,牡鹿諸島
04002,宮城県,網地島,石巻市,離島振興法,牡鹿諸島
04003,宮城県,田代島,石巻市,離島振興法,牡鹿諸島
04004,宮城県,寒風沢島,塩竈市,離島振興法,浦戸諸島
04005,宮城県,野々島,塩竈市,離島振興法,浦戸諸島
04006,宮城県,桂島,塩竈市,離島振興法,浦戸諸島
04007,宮城県,朴島,塩竈市,離島振興法,浦戸諸島
04008,宮城県,大島,気仙沼市,法対象外,気仙沼市
04009,宮城県,出島,女川町,法対象外,女川町
04010,宮城県,金華山,石巻市,法対象外,石巻市
04011,宮城県,宮戸島,東松島市,法対象外,東松島市
06001,山形県,飛島,酒田市,離島振興法,飛島
12001,千葉県,仁右衛門島,鴨川市,法対象外,鴨川市
13001,東京都,大島,大島町,離島振興法,伊豆諸島
13002,東京都,利島,利島村,離島振興法,伊豆諸島
13003,東京都,新島,新島村,離島振興法,伊豆諸島
13004,東京都,式根島,新島村,離島振興法,伊豆諸島
13005,東京都,神津島,神津島村,離島振興法,伊豆諸島
13006,東京都,三宅島,三宅村,離島振興法,伊豆諸島
13007,東京都,御蔵島,御蔵島村,離島振興法,伊豆諸島
13008,東京都,八丈島,八丈町,離島振興法,伊豆諸島
13009,東京都,青ヶ島,青ケ島村,離島振興法,伊豆諸島
13010,東京都,父島,小笠原村,小笠原諸島振興開発特別措置法,小笠原諸島
13011,東京都,母島,小笠原村,小笠原諸島振興開発特別措置法,小笠原諸島
13012,東京都,硫黄島,小笠原村,小笠原諸島振興開発特別措置法,小笠原諸島
13013,東京都,南鳥島,小笠原村,小笠原諸島振興開発特別措置法,小笠原諸島
14001,神奈川県,城ヶ島,三浦市,法対象外,三浦市
14002,神奈川県,江の島,藤沢市,法対象外,藤沢市
14003,神奈川県,天神島,横須賀市,法対象外,横須賀市
15001,新潟県,粟島,粟島浦村,離島振興法,粟島
15002,新潟県,佐渡島,佐渡市,離島振興法,佐渡島
17001,石川県,舳倉島,輪島市,離島振興法,舳倉島
17002,石川県,能登島,七尾市,法対象外,七尾市
22001,静岡県,初島,熱海市,離島振興法,初島
23001,愛知県,佐久島,西尾市,離島振興法,愛知三島
23002,愛知県,日間賀島,南知多町,離島振興法,愛知三島
23003,愛知県,篠島,南知多町,離島振興法,愛知三島
24001,三重県,神島,鳥羽市,離島振興法,志摩諸島
24002,三重県,答志島,鳥羽市,離島振興法,志摩諸島
24003,三重県,菅島,鳥羽市,離島振興法,志摩諸島
24004,三重県,坂手島,鳥羽市,離島振興法,志摩諸島
24005,三重県,渡鹿野島,志摩市,離島振興法,志摩諸島
24006,三重県,間崎島,志摩市,離島振興法,志摩諸島
24007,三重県,賢島,志摩市,法対象外,志摩市
24008,三重県,横山島,志摩市,法対象外,志摩市
25001,滋賀県,沖島,近江八幡市,離島振興法,沖島
28001,兵庫県,沼島,南あわじ市,離島振興法,沼島
28002,兵庫県,男鹿島,姫路市,離島振興法,家島群島
28003,兵庫県,家島,姫路市,離島振興法,家島群島
28004,兵庫県,坊勢島,姫路市,離島振興法,家島群島
28005,兵庫県,西島,姫路市,離島振興法,家島群島
28006,兵庫県,淡路島,淡路市・洲本市・南あわじ市,法対象外,淡路市
30001,和歌山県,中の島,那智勝浦町,法対象外,那智勝浦町
30002,和歌山県,大島,串本町,法対象外,串本町
32001,島根県,島後,隠岐の島町,離島振興法,隠岐島
32002,島根県,中ノ島,海士町,離島振興法,隠岐島
32003,島根県,西ノ島,西ノ島町,離島振興法,隠岐島
32004,島根県,知夫里島,知夫村,離島振興法,隠岐島
32005,島根県,大根島,松江市,法対象外,松江市
32006,島根県,江島,松江市,法対象外,松江市
32007,島根県,瀬戸ヶ島,浜田市,法対象外,浜田市
33001,岡山県,大多府島,備前市,離島振興法,日生諸島
33002,岡山県,鴻島,備前市,離島振興法,日生諸島
33003,岡山県,前島,瀬戸内市,離島振興法,前島
33004,岡山県,犬島,岡山市,離島振興法,犬島
33005,岡山県,石島,玉野市,離島振興法,石島
33006,岡山県,松島,倉敷市,離島振興法,児島諸島
33007,岡山県,六口島,倉敷市,離島振興法,児島諸島
33008,岡山県,高島,笠岡市,離島振興法,笠岡諸島
33009,岡山県,白石島,笠岡市,離島振興法,笠岡諸島
33010,岡山県,北木島,笠岡市,離島振興法,笠岡諸島
33011,岡山県,真鍋島,笠岡市,離島振興法,笠岡諸島
33012,岡山県,小飛島,笠岡市,離島振興法,笠岡諸島
33013,岡山県,大飛島,笠岡市,離島振興法,笠岡諸島
33014,岡山県,六島,笠岡市,離島振興法,笠岡諸島
33015,岡山県,鹿久居島,備前市,法対象外,備前市
33016,岡山県,頭島,備前市,法対象外,備前市
33017,岡山県,長島,瀬戸内市,法対象外,瀬戸内市
33018,岡山県,黄島,瀬戸内市,法対象外,瀬戸内市
33019,岡山県,黒島,瀬戸内市,法対象外,瀬戸内市
34001,広島県,走島,福山市,離島振興法,走島群島
34002,広島県,百島,尾道市,離島振興法,備後群島
34003,広島県,細島,尾道市,離島振興法,芸備群島
34004,広島県,佐木島,三原市,離島振興法,芸備群島
34005,広島県,小佐木島,三原市,離島振興法,芸備群島
34006,広島県,生野島,大崎上島町,離島振興法,上大崎群島
34007,広島県,大崎上島,大崎上島町,離島振興法,上大崎群島
34008,広島県,長島,大崎上島町,離島振興法,上大崎群島
34009,広島県,三角島,呉市,離島振興法,下大崎群島
34010,広島県,斎島,呉市,離島振興法,下大崎群島
34011,広島県,情島,呉市,離島振興法,安芸群島
34012,広島県,阿多田島,大竹市,離島振興法,安芸群島
34013,広島県,似島,広島市,離島振興法,似島
34014,広島県,田島,福山市,法対象外,福山市
34015,広島県,横島,福山市,法対象外,福山市
34016,広島県,向島,尾道市,法対象外,尾道市
34017,広島県,岩子島,尾道市,法対象外,尾道市
34018,広島県,因島,尾道市,法対象外,尾道市
34019,広島県,生口島,尾道市,法対象外,尾道市
34020,広島県,高根島,尾道市,法対象外,尾道市
34021,広島県,大久野島,竹原市,法対象外,竹原市
34022,広島県,契島,大崎上島町,法対象外,大崎上島町
34023,広島県,大崎下島,呉市,法対象外,呉市
34024,広島県,豊島,呉市,法対象外,呉市
34025,広島県,大芝島,東広島市,法対象外,東広島市
34026,広島県,上蒲刈島,呉市,法対象外,呉市
34027,広島県,下蒲刈島,呉市,法対象外,呉市
34028,広島県,金輪島,広島市,法対象外,広島市
34029,広島県,江田島・能美島,江田島市,法対象外,江田島市
34030,広島県,沖野島,江田島市,法対象外,江田島市
34031,広島県,倉橋島,呉市,法対象外,呉市
34032,広島県,鹿島,呉市,法対象外,呉市
34033,広島県,厳島,廿日市市,法対象外,廿日市
34034,広島県,宇品島,広島市,法対象外,広島市
34035,広島県,猪子島,大竹市,法対象外,大竹市
35001,山口県,端島,岩国市,離島振興法,柱島群島
35002,山口県,柱島,岩国市,離島振興法,柱島群島
35003,山口県,黒島,岩国市,離島振興法,柱島群島
35004,山口県,情島,周防大島町,離島振興法,周防大島諸島
35005,山口県,浮島,周防大島町,離島振興法,周防大島諸島
35006,山口県,前島,周防大島町,離島振興法,周防大島諸島
35007,山口県,笠佐島,周防大島町,離島振興法,周防大島諸島
35008,山口県,平郡島,柳井市,離島振興法,平郡島
35009,山口県,馬島,田布施町,離島振興法,熊毛群島
35010,山口県,佐合島,平生町,離島振興法,熊毛群島
35011,山口県,祝島,上関町,離島振興法,熊毛群島
35012,山口県,八島,上関町,離島振興法,熊毛群島
35013,山口県,牛島,光市,離島振興法,周南諸島
35014,山口県,大津島,周南市,離島振興法,周南諸島
35015,山口県,野島,防府市,離島振興法,周南諸島
35016,山口県,蓋井島,下関市,離島振興法,響灘諸島
35017,山口県,六連島,下関市,離島振興法,響灘諸島
35018,山口県,見島,萩市,離島振興法,萩諸島
35019,山口県,大島,萩市,離島振興法,萩諸島
35020,山口県,櫃島,萩市,離島振興法,萩諸島
35021,山口県,相島,萩市,離島振興法,萩諸島
35022,山口県,屋代島,周防大島町,法対象外,周防大島町
35023,山口県,沖家室島,周防大島町,法対象外,周防大島町
35024,山口県,長島,上関町,法対象外,上関町
35025,山口県,笠戸島,下松市,法対象外,下松市
35026,山口県,粭島,周南市,法対象外,周南市
35027,山口県,向島,防府市,法対象外,防府市
35028,山口県,竹ノ子島,下関市,法対象外,下関市
35029,山口県,彦島,下関市,法対象外,下関市
35030,山口県,青海島,長門市,法対象外,長門市
35031,山口県,角島,下関市,法対象外,下関市
35032,山口県,黒髪島・仙島,周南市,法対象外,周南市
36001,徳島県,伊島,阿南市,離島振興法,伊島
36002,徳島県,出羽島,牟岐町,離島振興法,出羽島
36003,徳島県,大毛島,鳴門市,法対象外,鳴門市
36004,徳島県,島田島,鳴門市,法対象外,鳴門市
36005,徳島県,竹ヶ島,海陽町,法対象外,海陽町
36006,徳島県,高島,鳴門市,法対象外,鳴門市
37001,香川県,小豆島,小豆島町・土庄町,離島振興法,小豆島
37002,香川県,沖之島,土庄町,離島振興法,小豆島
37003,香川県,小豊島,土庄町,離島振興法,小豆島
37004,香川県,豊島,土庄町,離島振興法,小豆島
37005,香川県,直島,直島町,離島振興法,直島諸島
37006,香川県,屏風島,直島町,離島振興法,直島諸島
37007,香川県,向島,直島町,離島振興法,直島諸島
37008,香川県,男木島,高松市,離島振興法,直島諸島
37009,香川県,女木島,高松市,離島振興法,直島諸島
37010,香川県,大島,高松市,離島振興法,大島
37011,香川県,櫃石島,坂出市,離島振興法,塩飽諸島
37012,香川県,岩黒島,坂出市,離島振興法,塩飽諸島
37013,香川県,与島,坂出市,離島振興法,塩飽諸島
37014,香川県,小与島,坂出市,離島振興法,塩飽諸島
37015,香川県,本島,丸亀市,離島振興法,塩飽諸島
37016,香川県,牛島,丸亀市,離島振興法,塩飽諸島
37017,香川県,広島,丸亀市,離島振興法,塩飽諸島
37018,香川県,手島,丸亀市,離島振興法,塩飽諸島
37019,香川県,小手島,丸亀市,離島振興法,塩飽諸島
37020,香川県,佐柳島,多度津町,離島振興法,塩飽諸島
37021,香川県,高見島,多度津町,離島振興法,塩飽諸島
37022,香川県,粟島,三豊市,離島振興法,塩飽諸島
37023,香川県,志々島,三豊市,離島振興法,塩飽諸島
37024,香川県,伊吹島,観音寺市,離島振興法,伊吹島
38001,愛媛県,高井神島,上島町,離島振興法,魚島群島
38002,愛媛県,魚島,上島町,離島振興法,魚島群島
38003,愛媛県,弓削島,上島町,離島振興法,上島諸島
38004,愛媛県,佐島,上島町,離島振興法,上島諸島
38005,愛媛県,生名島,上島町,離島振興法,上島諸島
38006,愛媛県,岩城島,上島町,離島振興法,上島諸島
38007,愛媛県,赤穂根島,上島町,離島振興法,上島諸島
38008,愛媛県,鵜島,今治市,離島振興法,越智諸島
38009,愛媛県,津島,今治市,離島振興法,越智諸島
38010,愛媛県,大下島,今治市,離島振興法,関前諸島
38011,愛媛県,小大下島,今治市,離島振興法,関前諸島
38012,愛媛県,小島,今治市,離島振興法,来島群島
38013,愛媛県,来島,今治市,離島振興法,来島群島
38014,愛媛県,馬島,今治市,離島振興法,来島群島
38015,愛媛県,比岐島,今治市,離島振興法,来島群島
38016,愛媛県,大島,新居浜市,離島振興法,新居大島
38017,愛媛県,安居島,松山市,離島振興法,忽那諸島
38018,愛媛県,興居島,松山市,離島振興法,忽那諸島
38019,愛媛県,野忽那島,松山市,離島振興法,忽那諸島
38020,愛媛県,睦月島,松山市,離島振興法,忽那諸島
38021,愛媛県,中島,松山市,離島振興法,忽那諸島
38022,愛媛県,怒和島,松山市,離島振興法,忽那諸島
38023,愛媛県,津和地島,松山市,離島振興法,忽那諸島
38024,愛媛県,二神島,松山市,離島振興法,忽那諸島
38025,愛媛県,釣島,松山市,離島振興法,忽那諸島
38026,愛媛県,青島,大洲市,離島振興法,青島
38027,愛媛県,大島,八幡浜市,離島振興法,宇和海諸島
38028,愛媛県,嘉島,宇和島市,離島振興法,宇和海諸島
38029,愛媛県,戸島,宇和島市,離島振興法,宇和海諸島
38030,愛媛県,日振島,宇和島市,離島振興法,宇和海諸島
38031,愛媛県,竹ヶ島,宇和島市,離島振興法,宇和海諸島
38032,愛媛県,大三島,今治市,法対象外,今治市
38033,愛媛県,伯方島,今治市,法対象外,今治市
38034,愛媛県,大島,今治市,法対象外,今治市
38035,愛媛県,岡村島,今治市,法対象外,今治市
38036,愛媛県,九島,宇和島市,法対象外,宇和島市
39001,高知県,沖の島,宿毛市,離島振興法,沖の島
39002,高知県,鵜来島,宿毛市,離島振興法,沖の島
39003,高知県,中ノ島,須崎市,法対象外,須崎市
39004,高知県,戸島,須崎市,法対象外,須崎市
39005,高知県,柏島,大月町,法対象外,大月町
39006,高知県,大島,宿毛市,法対象外,宿毛市
40001,福岡県,馬島,北九州市,離島振興法,筑前諸島
40002,福岡県,藍島,北九州市,離島振興法,筑前諸島
40003,福岡県,地島,宗像市,離島振興法,筑前諸島
40004,福岡県,大島,宗像市,離島振興法,筑前諸島
40005,福岡県,相島,新宮町,離島振興法,筑前諸島
40006,福岡県,玄界島,福岡市,離島振興法,筑前諸島
40007,福岡県,小呂島,福岡市,離島振興法,筑前諸島
40008,福岡県,姫島,糸島市,離島振興法,筑前諸島
40009,福岡県,志賀島,福岡市,法対象外,福岡市
40010,福岡県,能古島,福岡市,法対象外,福岡市
41001,佐賀県,高島,唐津市,離島振興法,玄海諸島
41002,佐賀県,神集島,唐津市,離島振興法,玄海諸島
41003,佐賀県,小川島,唐津市,離島振興法,玄海諸島
41004,佐賀県,加唐島,唐津市,離島振興法,玄海諸島
41005,佐賀県,松島,唐津市,離島振興法,玄海諸島
41006,佐賀県,馬渡島,唐津市,離島振興法,玄海諸島
41007,佐賀県,向島,唐津市,離島振興法,玄海諸島
41008,佐賀県,加部島,唐津市,法対象外,唐津市
41009,佐賀県,竹崎島,太良町,法対象外,太良町
42001,長崎県,対馬島,対馬市,離島振興法,対馬島
42002,長崎県,海栗島,対馬市,離島振興法,対馬島
42003,長崎県,泊島,対馬市,離島振興法,対馬島
42004,長崎県,赤島,対馬市,離島振興法,対馬島
42005,長崎県,沖ノ島,対馬市,離島振興法,対馬島
42006,長崎県,島山島,対馬市,離島振興法,対馬島
42007,長崎県,壱岐島,壱岐市,離島振興法,壱岐島
42008,長崎県,若宮島,壱岐市,離島振興法,壱岐島
42009,長崎県,原島,壱岐市,離島振興法,壱岐島
42010,長崎県,長島,壱岐市,離島振興法,壱岐島
42011,長崎県,大島,壱岐市,離島振興法,壱岐島
42012,長崎県,黒島,松浦市,離島振興法,平戸諸島
42013,長崎県,青島,松浦市,離島振興法,平戸諸島
42014,長崎県,飛島,松浦市,離島振興法,平戸諸島
42015,長崎県,大島,平戸市,離島振興法,平戸諸島
42016,長崎県,度島,平戸市,離島振興法,平戸諸島
42017,長崎県,高島,平戸市,離島振興法,平戸諸島
42018,長崎県,宇久島,佐世保市,離島振興法,平戸諸島
42019,長崎県,寺島,佐世保市,離島振興法,平戸諸島
42020,長崎県,六島,小値賀町,離島振興法,平戸諸島
42021,長崎県,野崎島,小値賀町,離島振興法,平戸諸島
42022,長崎県,納島,小値賀町,離島振興法,平戸諸島
42023,長崎県,小値賀島,小値賀町,離島振興法,平戸諸島
42024,長崎県,黒島,小値賀町,離島振興法,平戸諸島
42025,長崎県,大島,小値賀町,離島振興法,平戸諸島
42026,長崎県,斑島,小値賀町,離島振興法,平戸諸島
42027,長崎県,高島,佐世保市,離島振興法,平戸諸島
42028,長崎県,黒島,佐世保市,離島振興法,平戸諸島
42029,長崎県,中通島,新上五島町,離島振興法,五島列島
42030,長崎県,頭ヶ島,新上五島町,離島振興法,五島列島
42031,長崎県,桐ノ小島,新上五島町,離島振興法,五島列島
42032,長崎県,若松島,新上五島町,離島振興法,五島列島
42033,長崎県,日ノ島,新上五島町,離島振興法,五島列島
42034,長崎県,有福島,新上五島町,離島振興法,五島列島
42035,長崎県,漁生浦島,新上五島町,離島振興法,五島列島
42036,長崎県,奈留島,五島市,離島振興法,五島列島
42037,長崎県,前島,五島市,離島振興法,五島列島
42038,長崎県,久賀島,五島市,離島振興法,五島列島
42039,長崎県,蕨小島,五島市,離島振興法,五島列島
42040,長崎県,椛島,五島市,離島振興法,五島列島
42041,長崎県,福江島,五島市,離島振興法,五島列島
42042,長崎県,赤島,五島市,離島振興法,五島列島
42043,長崎県,黄島,五島市,離島振興法,五島列島
42044,長崎県,黒島,五島市,離島振興法,五島列島
42045,長崎県,島山島,五島市,離島振興法,五島列島
42046,長崎県,嵯峨島,五島市,離島振興法,五島列島
42047,長崎県,江島,西海市,離島振興法,蠣ノ浦大島
42048,長崎県,平島,西海市,離島振興法,蠣ノ浦大島
42049,長崎県,松島,西海市,離島振興法,松島
42050,長崎県,池島,長崎市,離島振興法,松島
42051,長崎県,高島,長崎市,離島振興法,高島
42052,長崎県,福島,松浦市,法対象外,松浦市
42053,長崎県,鷹島,松浦市,法対象外,松浦市
42054,長崎県,平戸島,平戸市,法対象外,平戸市
42055,長崎県,生月島,平戸市,法対象外,平戸市
42056,長崎県,前島,佐世保市,法対象外,佐世保市
42057,長崎県,鼕泊島,佐世保市,法対象外,佐世保市
42058,長崎県,針尾島,佐世保市,法対象外,佐世保市
42059,長崎県,大島,佐世保市,法対象外,佐世保市
42060,長崎県,竹ノ島,西海市,法対象外,西海市
42061,長崎県,鵜瀬島,長崎市,法対象外,長崎市
42062,長崎県,前島,時津町,法対象外,時津町
42063,長崎県,鹿島,諫早市,法対象外,諫早市
42064,長崎県,大島,西海市,法対象外,西海市
42065,長崎県,寺島,西海市,法対象外,西海市
42066,長崎県,蛎浦島,西海市,法対象外,西海市
42067,長崎県,崎戸島,西海市,法対象外,西海市
42068,長崎県,南串島,西海市,法対象外,西海市
42069,長崎県,伊王島,長崎市,法対象外,長崎市
42070,長崎県,沖之島,長崎市,法対象外,長崎市
42071,長崎県,樺島,長崎市,法対象外,長崎市
42072,長崎県,牧島,長崎市,法対象外,長崎市
42073,長崎県,前小島,五島市,法対象外,五島市
43001,熊本県,湯島,上天草市,離島振興法,天草諸島
43002,熊本県,中島,上天草市,離島振興法,天草諸島
43003,熊本県,横浦島,天草市,離島振興法,天草諸島
43004,熊本県,牧島,天草市,離島振興法,天草諸島
43005,熊本県,御所浦島,天草市,離島振興法,天草諸島
43006,熊本県,横島,天草市,離島振興法,天草諸島
43007,熊本県,戸馳島,宇城市,法対象外,宇城市
43008,熊本県,大矢野島,上天草市,法対象外,上天草市
43009,熊本県,維和島,上天草市,法対象外,上天草市
43010,熊本県,野牛島,上天草市,法対象外,上天草市
43011,熊本県,野釜島,上天草市,法対象外,上天草市
43012,熊本県,永浦島,上天草市,法対象外,上天草市
43013,熊本県,樋合島,上天草市,法対象外,上天草市
43014,熊本県,前島,上天草市,法対象外,上天草市
43015,熊本県,天草上島,上天草市・天草市,法対象外,上天草市
43016,熊本県,樋島,上天草市,法対象外,上天草市
43017,熊本県,天草下島,天草市・苓北町,法対象外,天草市
43018,熊本県,通詞島,天草市,法対象外,天草市
43019,熊本県,下須島,天草市,法対象外,天草市
43020,熊本県,椚島,上天草市,法対象外,上天草市
43021,熊本県,前島,天草市,法対象外,天草市
44001,大分県,姫島,姫島村,離島振興法,姫島
44002,大分県,地無垢島,津久見市,離島振興法,豊後諸島
44003,大分県,保戸島,津久見市,離島振興法,豊後諸島
44004,大分県,大入島,佐伯市,離島振興法,豊後諸島
44005,大分県,大島,佐伯市,離島振興法,豊後諸島
44006,大分県,屋形島,佐伯市,離島振興法,豊後諸島
44007,大分県,深島,佐伯市,離島振興法,豊後諸島
44008,大分県,黒島,臼杵市,法対象外,臼杵市
45001,宮崎県,島野浦島,延岡市,離島振興法,島野浦島
45002,宮崎県,大島,日南市,離島振興法,南那珂群島
45003,宮崎県,築島,串間市,離島振興法,南那珂群島
45004,宮崎県,青島,宮崎市,法対象外,宮崎市
46001,鹿児島県,獅子島,長島町,離島振興法,長島
46002,鹿児島県,桂島,出水市,離島振興法,桂島
46003,鹿児島県,上甑島,薩摩川内市,離島振興法,甑島
46004,鹿児島県,中甑島,薩摩川内市,離島振興法,甑島
46005,鹿児島県,下甑島,薩摩川内市,離島振興法,甑島
46006,鹿児島県,新島,鹿児島市,離島振興法,新島
46007,鹿児島県,種子島,西之表市・中種子町、南種子町,離島振興法,種子島
46008,鹿児島県,馬毛島,西之表市,離島振興法,種子島
46009,鹿児島県,屋久島,屋久島町,離島振興法,屋久島
46010,鹿児島県,口永良部島,屋久島町,離島振興法,屋久島
46011,鹿児島県,竹島,三島村,離島振興法,南西諸島
46012,鹿児島県,硫黄島,三島村,離島振興法,南西諸島
46013,鹿児島県,黒島,三島村,離島振興法,南西諸島
46014,鹿児島県,口之島,十島村,離島振興法,南西諸島
46015,鹿児島県,中之島,十島村,離島振興法,南西諸島
46016,鹿児島県,諏訪之瀬島,十島村,離島振興法,南西諸島
46017,鹿児島県,平島,十島村,離島振興法,南西諸島
46018,鹿児島県,悪石島,十島村,離島振興法,南西諸島
46019,鹿児島県,小宝島,十島村,離島振興法,南西諸島
46020,鹿児島県,宝島,十島村,離島振興法,南西諸島
46021,鹿児島県,奄美大島,奄美市・大和村・宇検村・龍郷町・瀬戸内町,奄美群島振興開発特別措置法,奄美群島
46022,鹿児島県,加計呂麻島,瀬戸内町,奄美群島振興開発特別措置法,奄美群島
46023,鹿児島県,請島,瀬戸内町,奄美群島振興開発特別措置法,奄美群島
46024,鹿児島県,与路島,瀬戸内町,奄美群島振興開発特別措置法,奄美群島
46025,鹿児島県,喜界島,喜界町,奄美群島振興開発特別措置法,奄美群島
46026,鹿児島県,徳之島,徳之島町・伊仙町・天城町,奄美群島振興開発特別措置法,奄美群島
46027,鹿児島県,沖永良部島,和泊町・知名町,奄美群島振興開発特別措置法,奄美群島
46028,鹿児島県,与論島,与論町,奄美群島振興開発特別措置法,奄美群島
46029,鹿児島県,伊唐島,長島町,法対象外,長島町
46030,鹿児島県,諸浦島,長島町,法対象外,長島町
46031,鹿児島県,長島,長島町,法対象外,長島町
47001,沖縄県,伊平屋島,伊平屋村,沖縄振興特別措置法,伊平屋・伊是名
47002,沖縄県,野甫島,伊平屋村,沖縄振興特別措置法,伊平屋・伊是名
47003,沖縄県,伊是名島,伊是名村,沖縄振興特別措置法,伊平屋・伊是名
47004,沖縄県,伊江島,伊江村,沖縄振興特別措置法,本部半島周辺
47005,沖縄県,水納島,本部町,沖縄振興特別措置法,本部半島周辺
47006,沖縄県,津堅島,うるま市,沖縄振興特別措置法,沖縄本島東海岸
47007,沖縄県,久高島,南城市,沖縄振興特別措置法,沖縄本島東海岸
47008,沖縄県,粟国島,粟国村,沖縄振興特別措置法,粟国・渡名喜
47009,沖縄県,渡名喜島,渡名喜村,沖縄振興特別措置法,粟国・渡名喜
47010,沖縄県,座間味島,座間味村,沖縄振興特別措置法,慶良間諸島
47011,沖縄県,阿嘉島,座間味村,沖縄振興特別措置法,慶良間諸島
47012,沖縄県,慶留間島,座間味村,沖縄振興特別措置法,慶良間諸島
47013,沖縄県,渡嘉敷島,渡嘉敷村,沖縄振興特別措置法,慶良間諸島
47014,沖縄県,久米島,久米島町,沖縄振興特別措置法,久米島
47015,沖縄県,奥武島,久米島町,沖縄振興特別措置法,久米島
47016,沖縄県,オーハ島,久米島町,沖縄振興特別措置法,久米島
47017,沖縄県,北大東島,北大東村,沖縄振興特別措置法,大東諸島
47018,沖縄県,南大東島,南大東村,沖縄振興特別措置法,大東諸島
47019,沖縄県,宮古島,宮古島市,沖縄振興特別措置法,宮古列島
47020,沖縄県,池間島,宮古島市,沖縄振興特別措置法,宮古列島
47021,沖縄県,大神島,宮古島市,沖縄振興特別措置法,宮古列島
47022,沖縄県,来間島,宮古島市,沖縄振興特別措置法,宮古列島
47023,沖縄県,伊良部島,宮古島市,沖縄振興特別措置法,宮古列島
47024,沖縄県,下地島,宮古島市,沖縄振興特別措置法,宮古列島
47025,沖縄県,多良間島,多良間村,沖縄振興特別措置法,宮古列島
47026,沖縄県,水納島,多良間村,沖縄振興特別措置法,宮古列島
47027,沖縄県,石垣島,石垣市,沖縄振興特別措置法,八重山列島
47028,沖縄県,竹富島,竹富町,沖縄振興特別措置法,八重山列島
47029,沖縄県,西表島,竹富町,沖縄振興特別措置法,八重山列島
47030,沖縄県,鳩間島,竹富町,沖縄振興特別措置法,八重山列島
47031,沖縄県,由布島,竹富町,沖縄振興特別措置法,八重山列島
47032,沖縄県,小浜島,竹富町,沖縄振興特別措置法,八重山列島
47033,沖縄県,黒島,竹富町,沖縄振興特別措置法,八重山列島
47034,沖縄県,新城島上地,竹富町,沖縄振興特別措置法,八重山列島
47035,沖縄県,新城島下地,竹富町,沖縄振興特別措置法,八重山列島
47036,沖縄県,波照間島,竹富町,沖縄振興特別措置法,八重山列島
47037,沖縄県,嘉弥真島,竹富町,沖縄振興特別措置法,八重山列島
47038,沖縄県,与那国島,与那国町,沖縄振興特別措置法,八重山列島
47039,沖縄県,宮城島,大宜味村,法対象外,本部半島周辺
47040,沖縄県,古宇利島,今帰仁村,法対象外,本部半島周辺
47041,沖縄県,屋我地島,名護市,法対象外,本部半島周辺
47042,沖縄県,瀬底島,本部町,法対象外,本部半島周辺
47043,沖縄県,平安座島,うるま市,法対象外,沖縄本島東海岸
47044,沖縄県,宮城島,うるま市,法対象外,沖縄本島東海岸
47045,沖縄県,伊計島,うるま市,法対象外,沖縄本島東海岸
47046,沖縄県,浜比嘉島,うるま市,法対象外,沖縄本島東海岸
47047,沖縄県,奥武島,南城市,法対象外,沖縄本島東海岸
47048,沖縄県,瀬長島,豊見城市,法対象外,沖縄本島西海岸
47049,沖縄県,前島,渡嘉敷村,法対象外,慶良間諸島
47050,沖縄県,外離島,竹富町,法対象外,八重山列島
47051,沖縄県,ナガンヌ島,渡嘉敷村,法対象外,慶良間諸島
